Sample,Read #,Total bp,Core bp,CAG,CAA,CGA,CCG,TCCTTCCAG,Out-of-Frame,Flank Int.
H1,1,4270,4180,464,0,0,0,0,695,463
H1,2,3110,3008,334,0,0,0,0,500,333
H1,3,1939,1846,204,0,0,0,0,308,204
H1,4,1281,1179,131,0,0,0,0,196,130
H1,5,1098,1008,112,0,0,0,0,168,111
H1,6,1080,987,107,0,0,0,0,159,108
H1,7,966,870,96,0,0,0,0,144,96
H1,8,921,831,92,0,0,0,0,138,92
H3,1,3337,3235,358,0,0,0,0,536,359
H3,2,3068,2958,274,10,0,3,0,414,316
H3,3,1784,1688,187,0,0,0,0,280,187
H3,4,1125,1029,114,0,0,0,0,171,114
H3,5,858,722,78,0,0,0,0,118,79
H3,6,818,682,75,0,0,0,0,112,75
H3,7,658,528,58,0,0,0,0,88,58
H3,8,592,456,50,0,0,0,0,76,50
H3,9,535,399,44,0,0,0,0,66,44
H3,10,532,396,44,0,0,0,0,66,43
