sample,read_id,allele,CAG_count,CAA_count,CCG_count,repeat_length_bp,classification,is_clean,is_interrupted,is_fragmented,mapq
H1,m84137_260214_004236_s1/162267981/ccs,1,109,3,11,285,CAA_interrupted,False,True,False,60
H1,m84137_260214_004236_s1/136841514/ccs,0,27,2,12,192,CAA_interrupted,False,True,False,60
H1,m84137_260214_004236_s1/95225004/ccs,1,86,4,13,271,CAA_interrupted,False,True,False,60
H1,m84137_260214_004236_s1/102106442/ccs,0,84,3,12,193,CAA_interrupted,False,True,False,60
H1,m84137_260214_004236_s1/199362014/ccs,0,120,2,11,197,CAA_interrupted,False,True,False,60
H1,m84137_260214_004236_s1/174391453/ccs,0,129,6,13,202,CAA_interrupted,False,True,False,60
H1,m84137_260214_004236_s1/64096710/ccs,0,83,2,8,192,CAA_interrupted,False,True,False,60
H1,m84137_260214_004236_s1/97257404/ccs,0,85,3,11,195,CAA_interrupted,False,True,False,60
H1,m84137_260214_004236_s1/56890984/ccs,0,89,2,12,195,CAA_interrupted,False,True,False,60
H1,m84137_260214_004236_s1/69670462/ccs,1,112,2,11,272,CAA_interrupted,False,True,False,60
H1,m84137_260214_004236_s1/216926021/ccs,0,76,3,12,190,CAA_interrupted,False,True,False,60
H1,m84137_260214_004236_s1/93131077/ccs,1,119,9,17,644,CAA_interrupted,False,True,False,60
H1,m84137_260214_004236_s1/83038465/ccs,1,91,3,12,277,CAA_interrupted,False,True,False,60
H1,m84137_260214_004236_s1/78121582/ccs,0,85,2,10,193,CAA_interrupted,False,True,False,60
H1,m84137_260214_004236_s1/38208760/ccs,1,117,2,14,263,CAA_interrupted,False,True,False,60
H1,m84137_260214_004236_s1/86840975/ccs,1,72,4,12,272,CAA_interrupted,False,True,False,60
H1,m84137_260214_004236_s1/5509772/ccs,0,61,2,13,196,CAA_interrupted,False,True,False,60
H1,m84137_260214_004236_s1/18155229/ccs,1,53,3,13,277,CAA_interrupted,False,True,False,60
H1,m84137_260214_004236_s1/103746222/ccs,1,86,3,11,272,CAA_interrupted,False,True,False,60
H1,m84137_260214_004236_s1/234357145/ccs,1,97,3,10,261,CAA_interrupted,False,True,False,60
H1,m84137_260214_004236_s1/96736268/ccs,0,81,2,13,198,CAA_interrupted,False,True,False,60
H1,m84137_260214_004236_s1/88211602/ccs,0,127,3,11,196,CAA_interrupted,False,True,False,60
H1,m84137_260214_004236_s1/125699964/ccs,0,73,2,12,196,CAA_interrupted,False,True,False,60
H1,m84137_260214_004236_s1/29166930/ccs,0,148,3,10,198,CAA_interrupted,False,True,False,60
H1,m84137_260214_004236_s1/247600646/ccs,1,71,2,15,269,CAA_interrupted,False,True,False,60
H1,m84137_260214_004236_s1/82643903/ccs,0,1,2,12,198,fragmented_noisy,False,False,True,60
H1,m84137_260214_004236_s1/198447940/ccs,1,9,2,12,267,CAA_interrupted,False,True,False,60
H1,m84137_260214_004236_s1/28576275/ccs,1,3,2,12,286,CAA_interrupted,False,True,False,60
H1,m84137_260214_004236_s1/239730876/ccs,0,103,2,12,199,CAA_interrupted,False,True,False,60
H1,m84137_260214_004236_s1/55837768/ccs,0,88,2,12,203,CAA_interrupted,False,True,False,60
H1,m84137_260214_004236_s1/99222547/ccs,0,76,1,11,198,CAA_interrupted,False,True,False,60
H1,m84137_260214_004236_s1/256117830/ccs,1,120,5,11,278,CAA_interrupted,False,True,False,60
H1,m84137_260214_004236_s1/109905298/ccs,1,84,3,12,278,CAA_interrupted,False,True,False,60
H1,m84137_260214_004236_s1/85529778/ccs,0,106,2,13,195,CAA_interrupted,False,True,False,60
H1,m84137_260214_004236_s1/229574403/ccs,0,58,2,13,196,CAA_interrupted,False,True,False,60
H1,m84137_260214_004236_s1/227807918/ccs,1,81,3,10,270,CAA_interrupted,False,True,False,60
H1,m84137_260214_004236_s1/105582282/ccs,1,95,5,11,302,CAA_interrupted,False,True,False,60
H1,m84137_260214_004236_s1/259458396/ccs,1,103,4,10,286,CAA_interrupted,False,True,False,60
H1,m84137_260214_004236_s1/107286205/ccs,1,91,3,11,289,CAA_interrupted,False,True,False,60
H1,m84137_260214_004236_s1/111348476/ccs,1,80,4,11,271,CAA_interrupted,False,True,False,60
H1,m84137_260214_004236_s1/46334743/ccs,0,70,4,11,198,CAA_interrupted,False,True,False,60
H1,m84137_260214_004236_s1/4984945/ccs,0,68,2,12,198,CAA_interrupted,False,True,False,60
H1,m84137_260214_004236_s1/80544472/ccs,0,3,2,11,194,CAA_interrupted,False,True,False,60
H1,m84137_260214_004236_s1/170525871/ccs,0,2,2,13,196,CAA_interrupted,False,True,False,60
H1,m84137_260214_004236_s1/235078634/ccs,0,2,2,12,197,CAA_interrupted,False,True,False,60
H1,m84137_260214_004236_s1/124257026/ccs,1,20,0,5,235,frameshift_indels,False,False,False,60
H1,m84137_260214_004236_s1/182256607/ccs,1,8,2,12,256,CAA_interrupted,False,True,False,60
H1,m84137_260214_004236_s1/191627508/ccs,1,19,1,12,259,CAA_interrupted,False,True,False,60
H1,m84137_260214_004236_s1/96207896/ccs,1,2,1,12,262,CAA_interrupted,False,True,False,60
H1,m84137_260214_004236_s1/64624544/ccs,1,12,1,12,301,CAA_interrupted,False,True,False,60
H1,m84137_260214_004236_s1/236978756/ccs,1,89,4,12,285,CAA_interrupted,False,True,False,60
H1,m84137_260214_004236_s1/133891398/ccs,0,73,3,12,198,CAA_interrupted,False,True,False,60
H1,m84137_260214_004236_s1/85071146/ccs,1,79,6,12,271,CAA_interrupted,False,True,False,60
H1,m84137_260214_004236_s1/103748745/ccs,0,96,2,9,196,CAA_interrupted,False,True,False,60
H1,m84137_260214_004236_s1/166596147/ccs,1,83,2,8,270,CAA_interrupted,False,True,False,60
H1,m84137_260214_004236_s1/118293766/ccs,1,94,3,8,263,CAA_interrupted,False,True,False,60
H1,m84137_260214_004236_s1/176883994/ccs,0,124,2,12,195,CAA_interrupted,False,True,False,60
H1,m84137_260214_004236_s1/40567950/ccs,1,92,5,10,356,CAA_interrupted,False,True,False,60
H1,m84137_260214_004236_s1/28250082/ccs,1,1,2,12,265,fragmented_noisy,False,False,True,60
H1,m84137_260214_004236_s1/177476285/ccs,1,1,2,12,265,fragmented_noisy,False,False,True,60
H1,m84137_260214_004236_s1/59183988/ccs,1,3,2,12,271,CAA_interrupted,False,True,False,60
H1,m84137_260214_004236_s1/263591227/ccs,1,8,4,12,274,CAA_interrupted,False,True,False,60
H1,m84137_260214_004236_s1/165613471/ccs,1,1,3,12,281,fragmented_noisy,False,False,True,60
H1,m84137_260214_004236_s1/18547753/ccs,1,69,5,11,278,CAA_interrupted,False,True,False,60
H1,m84137_260214_004236_s1/121899753/ccs,0,71,4,13,199,CAA_interrupted,False,True,False,60
H1,m84137_260214_004236_s1/128320429/ccs,1,124,4,11,274,CAA_interrupted,False,True,False,60
H1,m84137_260214_004236_s1/195695427/ccs,0,95,4,12,200,CAA_interrupted,False,True,False,60
H1,m84137_260214_004236_s1/66585042/ccs,1,60,2,11,275,CAA_interrupted,False,True,False,60
H1,m84137_260214_004236_s1/51119989/ccs,1,91,5,11,278,CAA_interrupted,False,True,False,60
H1,m84137_260214_004236_s1/130942037/ccs,0,53,1,11,193,CAA_interrupted,False,True,False,60
H1,m84137_260214_004236_s1/45875392/ccs,1,110,3,10,279,CAA_interrupted,False,True,False,60
H1,m84137_260214_004236_s1/228988176/ccs,1,93,6,11,269,CAA_interrupted,False,True,False,60
H1,m84137_260214_004236_s1/235540159/ccs,0,99,2,10,195,CAA_interrupted,False,True,False,60
H1,m84137_260214_004236_s1/26940418/ccs,1,102,4,12,266,CAA_interrupted,False,True,False,60
H1,m84137_260214_004236_s1/163188232/ccs,1,85,2,8,284,CAA_interrupted,False,True,False,60
H1,m84137_260214_004236_s1/126553081/ccs,0,48,2,10,195,CAA_interrupted,False,True,False,60
H1,m84137_260214_004236_s1/89656532/ccs,0,59,1,13,197,CAA_interrupted,False,True,False,60
H1,m84137_260214_004236_s1/174266215/ccs,1,101,4,11,278,CAA_interrupted,False,True,False,60
H1,m84137_260214_004236_s1/10358159/ccs,1,74,2,13,265,CAA_interrupted,False,True,False,60
H1,m84137_260214_004236_s1/30543021/ccs,1,72,2,12,275,CAA_interrupted,False,True,False,60
H1,m84137_260214_004236_s1/177996547/ccs,0,64,0,12,194,clean_CAG,True,False,False,60
H1,m84137_260214_004236_s1/154797405/ccs,0,63,3,11,195,CAA_interrupted,False,True,False,60
H1,m84137_260214_004236_s1/201328142/ccs,0,85,2,11,196,CAA_interrupted,False,True,False,60
H1,m84137_260214_004236_s1/220793943/ccs,1,161,4,12,273,CAA_interrupted,False,True,False,60
H1,m84137_260214_004236_s1/209785784/ccs,1,92,2,11,273,CAA_interrupted,False,True,False,60
H1,m84137_260214_004236_s1/47912489/ccs,1,114,4,12,292,CAA_interrupted,False,True,False,60
H1,m84137_260214_004236_s1/62850644/ccs,1,1,3,13,261,fragmented_noisy,False,False,True,60
H1,m84137_260214_004236_s1/69275628/ccs,0,3,2,11,192,CAA_interrupted,False,True,False,60
H1,m84137_260214_004236_s1/100340817/ccs,0,2,2,12,193,CAA_interrupted,False,True,False,60
H1,m84137_260214_004236_s1/94438014/ccs,0,3,2,12,193,CAA_interrupted,False,True,False,60
H1,m84137_260214_004236_s1/210766636/ccs,0,1,2,12,193,fragmented_noisy,False,False,True,60
H1,m84137_260214_004236_s1/118164028/ccs,0,2,2,12,193,CAA_interrupted,False,True,False,60
H1,m84137_260214_004236_s1/251921486/ccs,0,1,2,12,193,fragmented_noisy,False,False,True,60
H1,m84137_260214_004236_s1/124784221/ccs,0,2,2,11,194,CAA_interrupted,False,True,False,60
H1,m84137_260214_004236_s1/231213681/ccs,0,2,2,12,196,CAA_interrupted,False,True,False,60
H1,m84137_260214_004236_s1/122557921/ccs,0,1,2,12,196,fragmented_noisy,False,False,True,60
H1,m84137_260214_004236_s1/107087906/ccs,0,1,2,12,196,fragmented_noisy,False,False,True,60
H1,m84137_260214_004236_s1/117243967/ccs,0,1,2,12,196,fragmented_noisy,False,False,True,60
H1,m84137_260214_004236_s1/165609745/ccs,0,5,2,12,196,CAA_interrupted,False,True,False,60
H1,m84137_260214_004236_s1/167512980/ccs,0,2,2,12,196,CAA_interrupted,False,True,False,60
H1,m84137_260214_004236_s1/80285520/ccs,0,1,2,12,196,fragmented_noisy,False,False,True,60
H1,m84137_260214_004236_s1/97780786/ccs,0,2,2,12,196,CAA_interrupted,False,True,False,60
H1,m84137_260214_004236_s1/202311802/ccs,0,1,2,12,196,fragmented_noisy,False,False,True,60
H1,m84137_260214_004236_s1/182913903/ccs,0,1,2,12,196,fragmented_noisy,False,False,True,60
H1,m84137_260214_004236_s1/147784732/ccs,0,1,2,12,196,fragmented_noisy,False,False,True,60
H1,m84137_260214_004236_s1/69015063/ccs,0,1,2,12,196,fragmented_noisy,False,False,True,60
H1,m84137_260214_004236_s1/133699250/ccs,0,1,2,12,196,fragmented_noisy,False,False,True,60
H1,m84137_260214_004236_s1/4394598/ccs,0,2,2,12,196,CAA_interrupted,False,True,False,60
H1,m84137_260214_004236_s1/8719289/ccs,0,2,2,12,196,CAA_interrupted,False,True,False,60
H1,m84137_260214_004236_s1/213517694/ccs,0,3,1,12,197,CAA_interrupted,False,True,False,60
H1,m84137_260214_004236_s1/266800737/ccs,0,9,3,12,198,CAA_interrupted,False,True,False,60
H1,m84137_260214_004236_s1/229639097/ccs,0,1,2,12,198,fragmented_noisy,False,False,True,60
H1,m84137_260214_004236_s1/147916979/ccs,0,2,2,15,199,CAA_interrupted,False,True,False,60
H1,m84137_260214_004236_s1/57934433/ccs,0,1,2,12,199,fragmented_noisy,False,False,True,60
H1,m84137_260214_004236_s1/42865844/ccs,0,2,2,15,199,CAA_interrupted,False,True,False,60
H1,m84137_260214_004236_s1/83034537/ccs,0,2,2,12,199,CAA_interrupted,False,True,False,60
H1,m84137_260214_004236_s1/52104799/ccs,1,2,2,12,253,CAA_interrupted,False,True,False,60
H1,m84137_260214_004236_s1/175965561/ccs,1,8,2,12,255,CAA_interrupted,False,True,False,60
H1,m84137_260214_004236_s1/184288848/ccs,1,2,2,12,258,CAA_interrupted,False,True,False,60
H1,m84137_260214_004236_s1/136643493/ccs,1,1,1,11,258,CAA_interrupted,False,True,False,60
H1,m84137_260214_004236_s1/91557831/ccs,1,1,2,12,261,fragmented_noisy,False,False,True,60
H1,m84137_260214_004236_s1/253035345/ccs,1,2,2,12,262,CAA_interrupted,False,True,False,60
H1,m84137_260214_004236_s1/117704475/ccs,1,5,2,12,264,CAA_interrupted,False,True,False,60
H1,m84137_260214_004236_s1/24515463/ccs,1,2,2,11,264,CAA_interrupted,False,True,False,60
H1,m84137_260214_004236_s1/35457686/ccs,1,1,2,12,265,fragmented_noisy,False,False,True,60
H1,m84137_260214_004236_s1/98309898/ccs,1,1,2,12,265,fragmented_noisy,False,False,True,60
H1,m84137_260214_004236_s1/88869636/ccs,1,4,3,12,265,CAA_interrupted,False,True,False,60
H1,m84137_260214_004236_s1/133895988/ccs,1,1,2,12,265,fragmented_noisy,False,False,True,60
H1,m84137_260214_004236_s1/125703149/ccs,1,5,2,12,265,CAA_interrupted,False,True,False,60
H1,m84137_260214_004236_s1/224663430/ccs,1,1,2,12,266,fragmented_noisy,False,False,True,60
H1,m84137_260214_004236_s1/80153931/ccs,1,5,2,12,266,CAA_interrupted,False,True,False,60
H1,m84137_260214_004236_s1/239666375/ccs,1,3,2,12,267,CAA_interrupted,False,True,False,60
H1,m84137_260214_004236_s1/203359391/ccs,1,3,2,12,268,CAA_interrupted,False,True,False,60
H1,m84137_260214_004236_s1/184419220/ccs,1,6,2,12,268,CAA_interrupted,False,True,False,60
H1,m84137_260214_004236_s1/161547740/ccs,1,1,2,12,268,fragmented_noisy,False,False,True,60
H1,m84137_260214_004236_s1/130483882/ccs,1,7,3,12,268,CAA_interrupted,False,True,False,60
H1,m84137_260214_004236_s1/60163935/ccs,1,1,2,12,268,fragmented_noisy,False,False,True,60
H1,m84137_260214_004236_s1/224199709/ccs,1,1,2,12,268,fragmented_noisy,False,False,True,60
H1,m84137_260214_004236_s1/107483187/ccs,1,1,2,12,268,fragmented_noisy,False,False,True,60
H1,m84137_260214_004236_s1/212538218/ccs,1,1,2,12,268,fragmented_noisy,False,False,True,60
H1,m84137_260214_004236_s1/38798205/ccs,1,1,2,12,268,fragmented_noisy,False,False,True,60
H1,m84137_260214_004236_s1/240584796/ccs,1,1,2,12,268,fragmented_noisy,False,False,True,60
H1,m84137_260214_004236_s1/37224535/ccs,1,1,2,12,268,fragmented_noisy,False,False,True,60
H1,m84137_260214_004236_s1/65668822/ccs,1,1,2,12,268,fragmented_noisy,False,False,True,60
H1,m84137_260214_004236_s1/137560590/ccs,1,1,2,12,268,fragmented_noisy,False,False,True,60
H1,m84137_260214_004236_s1/212664856/ccs,1,1,2,12,268,fragmented_noisy,False,False,True,60
H1,m84137_260214_004236_s1/234229541/ccs,1,1,2,12,268,fragmented_noisy,False,False,True,60
H1,m84137_260214_004236_s1/24840167/ccs,1,1,2,12,268,fragmented_noisy,False,False,True,60
H1,m84137_260214_004236_s1/201656223/ccs,1,1,2,12,268,fragmented_noisy,False,False,True,60
H1,m84137_260214_004236_s1/264634820/ccs,1,1,2,12,268,fragmented_noisy,False,False,True,60
H1,m84137_260214_004236_s1/110166443/ccs,1,1,2,12,268,fragmented_noisy,False,False,True,60
H1,m84137_260214_004236_s1/122487975/ccs,1,1,2,12,268,fragmented_noisy,False,False,True,60
H1,m84137_260214_004236_s1/135790773/ccs,1,1,2,12,268,fragmented_noisy,False,False,True,60
H1,m84137_260214_004236_s1/2296100/ccs,1,3,2,12,268,CAA_interrupted,False,True,False,60
H1,m84137_260214_004236_s1/202376432/ccs,1,2,2,12,268,CAA_interrupted,False,True,False,60
H1,m84137_260214_004236_s1/80023722/ccs,1,13,2,13,269,CAA_interrupted,False,True,False,60
H1,m84137_260214_004236_s1/212336748/ccs,1,2,2,12,269,CAA_interrupted,False,True,False,60
H1,m84137_260214_004236_s1/249629939/ccs,1,1,3,12,269,fragmented_noisy,False,False,True,60
H1,m84137_260214_004236_s1/4525167/ccs,1,1,2,12,269,fragmented_noisy,False,False,True,60
H1,m84137_260214_004236_s1/192086480/ccs,1,1,2,12,270,fragmented_noisy,False,False,True,60
H1,m84137_260214_004236_s1/19925720/ccs,1,1,2,12,271,fragmented_noisy,False,False,True,60
H1,m84137_260214_004236_s1/222628608/ccs,1,1,2,12,271,fragmented_noisy,False,False,True,60
H1,m84137_260214_004236_s1/97259308/ccs,1,2,2,12,271,CAA_interrupted,False,True,False,60
H1,m84137_260214_004236_s1/99422763/ccs,1,1,2,12,271,fragmented_noisy,False,False,True,60
H1,m84137_260214_004236_s1/218107296/ccs,1,1,2,12,271,fragmented_noisy,False,False,True,60
H1,m84137_260214_004236_s1/217518111/ccs,1,1,2,12,271,fragmented_noisy,False,False,True,60
H1,m84137_260214_004236_s1/86050297/ccs,1,2,2,12,271,CAA_interrupted,False,True,False,60
H1,m84137_260214_004236_s1/205915285/ccs,1,1,2,13,271,fragmented_noisy,False,False,True,60
H1,m84137_260214_004236_s1/247730601/ccs,1,1,2,12,271,fragmented_noisy,False,False,True,60
H1,m84137_260214_004236_s1/51904977/ccs,1,1,2,12,271,fragmented_noisy,False,False,True,60
H1,m84137_260214_004236_s1/147785492/ccs,1,1,2,12,271,fragmented_noisy,False,False,True,60
H1,m84137_260214_004236_s1/176686266/ccs,1,1,2,12,271,fragmented_noisy,False,False,True,60
H1,m84137_260214_004236_s1/106829647/ccs,1,1,2,12,271,fragmented_noisy,False,False,True,60
H1,m84137_260214_004236_s1/42930539/ccs,1,1,2,12,271,fragmented_noisy,False,False,True,60
H1,m84137_260214_004236_s1/196284785/ccs,1,1,2,12,271,fragmented_noisy,False,False,True,60
H1,m84137_260214_004236_s1/213322757/ccs,1,6,3,12,272,CAA_interrupted,False,True,False,60
H1,m84137_260214_004236_s1/127534761/ccs,1,2,2,12,273,CAA_interrupted,False,True,False,60
H1,m84137_260214_004236_s1/129504884/ccs,1,2,2,12,273,CAA_interrupted,False,True,False,60
H1,m84137_260214_004236_s1/200410448/ccs,1,1,2,12,274,fragmented_noisy,False,False,True,60
H1,m84137_260214_004236_s1/27924264/ccs,1,1,2,12,274,fragmented_noisy,False,False,True,60
H1,m84137_260214_004236_s1/71369790/ccs,1,1,1,12,274,CAA_interrupted,False,True,False,60
H1,m84137_260214_004236_s1/55449488/ccs,1,1,2,12,274,fragmented_noisy,False,False,True,60
H1,m84137_260214_004236_s1/208078366/ccs,1,1,2,12,274,fragmented_noisy,False,False,True,60
H1,m84137_260214_004236_s1/93525321/ccs,1,1,2,12,274,fragmented_noisy,False,False,True,60
H1,m84137_260214_004236_s1/36241879/ccs,1,1,2,12,274,fragmented_noisy,False,False,True,60
H1,m84137_260214_004236_s1/170659429/ccs,1,1,2,12,274,fragmented_noisy,False,False,True,60
H1,m84137_260214_004236_s1/202180114/ccs,1,1,2,12,274,fragmented_noisy,False,False,True,60
H1,m84137_260214_004236_s1/182258448/ccs,1,1,2,12,274,fragmented_noisy,False,False,True,60
H1,m84137_260214_004236_s1/231997726/ccs,1,1,2,12,274,fragmented_noisy,False,False,True,60
H1,m84137_260214_004236_s1/51253480/ccs,1,1,2,12,274,fragmented_noisy,False,False,True,60
H1,m84137_260214_004236_s1/135988489/ccs,1,1,2,12,274,fragmented_noisy,False,False,True,60
H1,m84137_260214_004236_s1/255591533/ccs,1,4,2,11,275,CAA_interrupted,False,True,False,60
H1,m84137_260214_004236_s1/95159073/ccs,1,1,2,12,275,fragmented_noisy,False,False,True,60
H1,m84137_260214_004236_s1/31588605/ccs,1,2,3,12,276,fragmented_noisy,False,False,True,60
H1,m84137_260214_004236_s1/248776177/ccs,1,2,2,12,277,CAA_interrupted,False,True,False,60
H1,m84137_260214_004236_s1/139984935/ccs,1,3,2,12,277,CAA_interrupted,False,True,False,60
H1,m84137_260214_004236_s1/226367007/ccs,1,1,2,12,277,fragmented_noisy,False,False,True,60
H1,m84137_260214_004236_s1/259396447/ccs,1,1,2,12,277,fragmented_noisy,False,False,True,60
H1,m84137_260214_004236_s1/149358576/ccs,1,2,2,12,277,CAA_interrupted,False,True,False,60
H1,m84137_260214_004236_s1/70653543/ccs,1,1,2,12,277,fragmented_noisy,False,False,True,60
H1,m84137_260214_004236_s1/175900655/ccs,1,3,2,12,277,CAA_interrupted,False,True,False,60
H1,m84137_260214_004236_s1/136645230/ccs,1,1,2,12,277,fragmented_noisy,False,False,True,60
H1,m84137_260214_004236_s1/97517751/ccs,1,1,3,13,278,fragmented_noisy,False,False,True,60
H1,m84137_260214_004236_s1/55773683/ccs,1,4,2,12,279,CAA_interrupted,False,True,False,60
H1,m84137_260214_004236_s1/5898744/ccs,1,1,2,12,280,fragmented_noisy,False,False,True,60
H1,m84137_260214_004236_s1/151848780/ccs,1,1,2,12,280,fragmented_noisy,False,False,True,60
H1,m84137_260214_004236_s1/228657724/ccs,1,1,2,12,280,fragmented_noisy,False,False,True,60
H1,m84137_260214_004236_s1/191825574/ccs,1,1,2,12,280,fragmented_noisy,False,False,True,60
H1,m84137_260214_004236_s1/67962097/ccs,1,1,2,12,280,fragmented_noisy,False,False,True,60
H1,m84137_260214_004236_s1/214631406/ccs,1,1,2,12,280,fragmented_noisy,False,False,True,60
H1,m84137_260214_004236_s1/182061009/ccs,1,1,2,12,281,fragmented_noisy,False,False,True,60
H1,m84137_260214_004236_s1/237700405/ccs,1,1,2,12,283,fragmented_noisy,False,False,True,60
H1,m84137_260214_004236_s1/209850769/ccs,1,1,2,12,283,fragmented_noisy,False,False,True,60
H1,m84137_260214_004236_s1/210306724/ccs,1,1,2,12,283,fragmented_noisy,False,False,True,60
H1,m84137_260214_004236_s1/102301922/ccs,1,1,2,12,283,fragmented_noisy,False,False,True,60
H1,m84137_260214_004236_s1/224726198/ccs,1,1,2,12,283,fragmented_noisy,False,False,True,60
H1,m84137_260214_004236_s1/224855079/ccs,1,1,2,12,285,fragmented_noisy,False,False,True,60
H1,m84137_260214_004236_s1/166597609/ccs,1,3,2,12,286,CAA_interrupted,False,True,False,60
H1,m84137_260214_004236_s1/96273784/ccs,1,4,3,13,288,CAA_interrupted,False,True,False,60
H1,m84137_260214_004236_s1/265557155/ccs,1,1,2,12,292,fragmented_noisy,False,False,True,60
H1,m84137_260214_004236_s1/241109075/ccs,1,1,2,12,292,fragmented_noisy,False,False,True,60
H1,m84137_260214_004236_s1/78974894/ccs,1,1,2,13,295,fragmented_noisy,False,False,True,60
H1,m84137_260214_004236_s1/126552328/ccs,1,2,4,13,296,fragmented_noisy,False,False,True,60
H1,m84137_260214_004236_s1/34149804/ccs,1,1,2,12,315,fragmented_noisy,False,False,True,60
H1,m84137_260214_004236_s1/257038192/ccs,1,1,2,12,341,fragmented_noisy,False,False,True,60
H1,m84137_260214_004236_s1/207750403/ccs,1,1,2,12,844,fragmented_noisy,False,False,True,60
H1,m84137_260214_004236_s1/142083520/ccs,1,2,1,7,1080,CAA_interrupted,False,True,False,60
H1,m84137_260214_004236_s1/14815194/ccs,1,100,5,11,330,CAA_interrupted,False,True,False,60
H1,m84137_260214_004236_s1/55115834/ccs,1,89,4,13,273,CAA_interrupted,False,True,False,60
H1,m84137_260214_004236_s1/76615118/ccs,1,90,1,12,277,CAA_interrupted,False,True,False,60
H1,m84137_260214_004236_s1/113316916/ccs,0,84,3,12,198,CAA_interrupted,False,True,False,60
H1,m84137_260214_004236_s1/165347999/ccs,0,81,2,10,194,CAA_interrupted,False,True,False,60
H1,m84137_260214_004236_s1/91491464/ccs,0,85,3,14,197,CAA_interrupted,False,True,False,60
H1,m84137_260214_004236_s1/26677939/ccs,1,108,6,10,269,CAA_interrupted,False,True,False,60
H1,m84137_260214_004236_s1/217191038/ccs,1,65,2,13,267,CAA_interrupted,False,True,False,60
H1,m84137_260214_004236_s1/135991485/ccs,1,93,1,13,270,CAA_interrupted,False,True,False,60
H1,m84137_260214_004236_s1/34018995/ccs,1,66,2,14,269,CAA_interrupted,False,True,False,60
H1,m84137_260214_004236_s1/42340541/ccs,0,1,1,12,186,CAA_interrupted,False,True,False,60
H1,m84137_260214_004236_s1/25494885/ccs,0,7,1,12,191,CAA_interrupted,False,True,False,60
H1,m84137_260214_004236_s1/102106122/ccs,0,1,2,11,192,fragmented_noisy,False,False,True,60
H1,m84137_260214_004236_s1/126484853/ccs,0,1,2,12,192,fragmented_noisy,False,False,True,60
H1,m84137_260214_004236_s1/41681131/ccs,0,2,2,12,193,CAA_interrupted,False,True,False,60
H1,m84137_260214_004236_s1/250545760/ccs,0,1,2,11,193,fragmented_noisy,False,False,True,60
H1,m84137_260214_004236_s1/245826196/ccs,0,6,2,12,195,CAA_interrupted,False,True,False,60
H1,m84137_260214_004236_s1/29628172/ccs,0,2,2,12,195,CAA_interrupted,False,True,False,60
H1,m84137_260214_004236_s1/227086205/ccs,0,2,2,11,195,CAA_interrupted,False,True,False,60
H1,m84137_260214_004236_s1/55445989/ccs,0,1,2,12,196,fragmented_noisy,False,False,True,60
H1,m84137_260214_004236_s1/238552642/ccs,0,1,2,12,196,fragmented_noisy,False,False,True,60
H1,m84137_260214_004236_s1/94113604/ccs,0,1,2,12,196,fragmented_noisy,False,False,True,60
H1,m84137_260214_004236_s1/142344309/ccs,0,4,2,12,196,CAA_interrupted,False,True,False,60
H1,m84137_260214_004236_s1/133499607/ccs,0,1,2,12,196,fragmented_noisy,False,False,True,60
H1,m84137_260214_004236_s1/105842775/ccs,0,1,2,12,196,fragmented_noisy,False,False,True,60
H1,m84137_260214_004236_s1/153748553/ccs,0,2,2,12,196,CAA_interrupted,False,True,False,60
H1,m84137_260214_004236_s1/131667844/ccs,0,1,2,12,196,fragmented_noisy,False,False,True,60
H1,m84137_260214_004236_s1/173999844/ccs,0,1,2,12,196,fragmented_noisy,False,False,True,60
H1,m84137_260214_004236_s1/132716073/ccs,0,6,2,12,196,CAA_interrupted,False,True,False,60
H1,m84137_260214_004236_s1/42078626/ccs,0,2,2,12,196,CAA_interrupted,False,True,False,60
H1,m84137_260214_004236_s1/205129202/ccs,0,3,2,12,196,CAA_interrupted,False,True,False,60
H1,m84137_260214_004236_s1/79891480/ccs,0,1,2,12,196,fragmented_noisy,False,False,True,60
H1,m84137_260214_004236_s1/249367962/ccs,0,2,2,12,196,CAA_interrupted,False,True,False,60
H1,m84137_260214_004236_s1/15929449/ccs,0,2,2,13,196,CAA_interrupted,False,True,False,60
H1,m84137_260214_004236_s1/152439646/ccs,0,1,2,12,196,fragmented_noisy,False,False,True,60
H1,m84137_260214_004236_s1/21957030/ccs,0,10,2,12,196,CAA_interrupted,False,True,False,60
H1,m84137_260214_004236_s1/14158621/ccs,0,1,2,12,196,fragmented_noisy,False,False,True,60
H1,m84137_260214_004236_s1/47974954/ccs,0,1,2,12,196,fragmented_noisy,False,False,True,60
H1,m84137_260214_004236_s1/44041471/ccs,0,1,2,12,196,fragmented_noisy,False,False,True,60
H1,m84137_260214_004236_s1/110760999/ccs,0,1,2,12,196,fragmented_noisy,False,False,True,60
H1,m84137_260214_004236_s1/67045569/ccs,0,1,2,12,196,fragmented_noisy,False,False,True,60
H1,m84137_260214_004236_s1/79497137/ccs,0,1,2,12,196,fragmented_noisy,False,False,True,60
H1,m84137_260214_004236_s1/219677075/ccs,0,2,2,12,196,CAA_interrupted,False,True,False,60
H1,m84137_260214_004236_s1/210504377/ccs,0,1,2,12,196,fragmented_noisy,False,False,True,60
H1,m84137_260214_004236_s1/185009367/ccs,0,4,2,12,196,CAA_interrupted,False,True,False,60
H1,m84137_260214_004236_s1/150144369/ccs,0,5,2,12,196,CAA_interrupted,False,True,False,60
H1,m84137_260214_004236_s1/10488845/ccs,0,1,2,12,196,fragmented_noisy,False,False,True,60
H1,m84137_260214_004236_s1/68752737/ccs,0,2,2,12,198,CAA_interrupted,False,True,False,60
H1,m84137_260214_004236_s1/143591764/ccs,0,5,2,11,199,CAA_interrupted,False,True,False,60
H1,m84137_260214_004236_s1/221188336/ccs,0,11,2,12,199,CAA_interrupted,False,True,False,60
H1,m84137_260214_004236_s1/261953096/ccs,0,2,2,12,199,CAA_interrupted,False,True,False,60
H1,m84137_260214_004236_s1/62657722/ccs,0,7,4,11,200,CAA_interrupted,False,True,False,60
H1,m84137_260214_004236_s1/71307148/ccs,1,1,2,12,262,fragmented_noisy,False,False,True,60
H1,m84137_260214_004236_s1/40043989/ccs,1,4,3,12,264,CAA_interrupted,False,True,False,60
H1,m84137_260214_004236_s1/175965990/ccs,1,16,3,12,265,CAA_interrupted,False,True,False,60
H1,m84137_260214_004236_s1/80481785/ccs,1,1,2,12,265,fragmented_noisy,False,False,True,60
H1,m84137_260214_004236_s1/173477186/ccs,1,1,2,12,265,fragmented_noisy,False,False,True,60
H1,m84137_260214_004236_s1/229575430/ccs,1,2,2,12,265,CAA_interrupted,False,True,False,60
H1,m84137_260214_004236_s1/16646617/ccs,1,1,2,12,265,fragmented_noisy,False,False,True,60
H1,m84137_260214_004236_s1/243141568/ccs,1,1,2,12,265,fragmented_noisy,False,False,True,60
H1,m84137_260214_004236_s1/115736821/ccs,1,1,2,12,265,fragmented_noisy,False,False,True,60
H1,m84137_260214_004236_s1/103878621/ccs,1,1,2,12,266,fragmented_noisy,False,False,True,60
H1,m84137_260214_004236_s1/202509383/ccs,1,1,2,12,268,fragmented_noisy,False,False,True,60
H1,m84137_260214_004236_s1/243272495/ccs,1,1,2,12,268,fragmented_noisy,False,False,True,60
H1,m84137_260214_004236_s1/121374686/ccs,1,1,2,12,268,fragmented_noisy,False,False,True,60
H1,m84137_260214_004236_s1/114166323/ccs,1,1,2,12,268,fragmented_noisy,False,False,True,60
H1,m84137_260214_004236_s1/231145600/ccs,1,1,2,12,268,fragmented_noisy,False,False,True,60
H1,m84137_260214_004236_s1/258212457/ccs,1,1,2,12,268,fragmented_noisy,False,False,True,60
H1,m84137_260214_004236_s1/135926056/ccs,1,1,2,12,268,fragmented_noisy,False,False,True,60
H1,m84137_260214_004236_s1/60556127/ccs,1,1,2,12,268,fragmented_noisy,False,False,True,60
H1,m84137_260214_004236_s1/147652902/ccs,1,1,2,12,268,fragmented_noisy,False,False,True,60
H1,m84137_260214_004236_s1/25497665/ccs,1,3,2,12,268,CAA_interrupted,False,True,False,60
H1,m84137_260214_004236_s1/170135564/ccs,1,1,2,12,268,fragmented_noisy,False,False,True,60
H1,m84137_260214_004236_s1/123012294/ccs,1,1,2,12,268,fragmented_noisy,False,False,True,60
H1,m84137_260214_004236_s1/227934480/ccs,1,1,2,12,268,fragmented_noisy,False,False,True,60
H1,m84137_260214_004236_s1/20316747/ccs,1,1,2,12,268,fragmented_noisy,False,False,True,60
H1,m84137_260214_004236_s1/90507948/ccs,1,1,2,12,268,fragmented_noisy,False,False,True,60
H1,m84137_260214_004236_s1/19859578/ccs,1,2,2,12,268,CAA_interrupted,False,True,False,60
H1,m84137_260214_004236_s1/9962824/ccs,1,1,2,12,268,fragmented_noisy,False,False,True,60
H1,m84137_260214_004236_s1/121242579/ccs,1,1,2,12,268,fragmented_noisy,False,False,True,60
H1,m84137_260214_004236_s1/80351405/ccs,1,1,2,12,268,fragmented_noisy,False,False,True,60
H1,m84137_260214_004236_s1/52497400/ccs,1,1,2,12,268,fragmented_noisy,False,False,True,60
H1,m84137_260214_004236_s1/65278665/ccs,1,1,2,12,268,fragmented_noisy,False,False,True,60
H1,m84137_260214_004236_s1/93066022/ccs,1,4,2,11,268,CAA_interrupted,False,True,False,60
H1,m84137_260214_004236_s1/226887989/ccs,1,1,2,12,268,fragmented_noisy,False,False,True,60
H1,m84137_260214_004236_s1/205588239/ccs,1,1,2,12,268,fragmented_noisy,False,False,True,60
H1,m84137_260214_004236_s1/186057951/ccs,1,2,2,12,268,CAA_interrupted,False,True,False,60
H1,m84137_260214_004236_s1/149815501/ccs,1,1,2,12,268,fragmented_noisy,False,False,True,60
H1,m84137_260214_004236_s1/131532928/ccs,1,1,2,12,268,fragmented_noisy,False,False,True,60
H1,m84137_260214_004236_s1/137889796/ccs,1,1,2,12,268,fragmented_noisy,False,False,True,60
H1,m84137_260214_004236_s1/159319163/ccs,1,1,2,12,268,fragmented_noisy,False,False,True,60
H1,m84137_260214_004236_s1/7081195/ccs,1,2,2,12,269,CAA_interrupted,False,True,False,60
H1,m84137_260214_004236_s1/140905229/ccs,1,2,3,12,270,fragmented_noisy,False,False,True,60
H1,m84137_260214_004236_s1/124849190/ccs,1,12,2,12,270,CAA_interrupted,False,True,False,60
H1,m84137_260214_004236_s1/228264682/ccs,1,7,5,10,271,CAA_interrupted,False,True,False,60
H1,m84137_260214_004236_s1/28378487/ccs,1,1,2,12,271,fragmented_noisy,False,False,True,60
H1,m84137_260214_004236_s1/21760072/ccs,1,1,2,12,271,fragmented_noisy,False,False,True,60
H1,m84137_260214_004236_s1/210829914/ccs,1,1,2,12,271,fragmented_noisy,False,False,True,60
H1,m84137_260214_004236_s1/90440105/ccs,1,1,2,12,271,fragmented_noisy,False,False,True,60
H1,m84137_260214_004236_s1/85918560/ccs,1,1,2,12,271,fragmented_noisy,False,False,True,60
H1,m84137_260214_004236_s1/11604099/ccs,1,2,2,12,271,CAA_interrupted,False,True,False,60
H1,m84137_260214_004236_s1/9112415/ccs,1,2,2,12,271,CAA_interrupted,False,True,False,60
H1,m84137_260214_004236_s1/27918912/ccs,1,1,2,12,271,fragmented_noisy,False,False,True,60
H1,m84137_260214_004236_s1/92209344/ccs,1,1,2,12,271,fragmented_noisy,False,False,True,60
H1,m84137_260214_004236_s1/219811123/ccs,1,1,2,12,271,fragmented_noisy,False,False,True,60
H1,m84137_260214_004236_s1/198578377/ccs,1,1,2,12,271,fragmented_noisy,False,False,True,60
H1,m84137_260214_004236_s1/252908090/ccs,1,1,2,12,271,fragmented_noisy,False,False,True,60
H1,m84137_260214_004236_s1/216994932/ccs,1,1,2,12,271,fragmented_noisy,False,False,True,60
H1,m84137_260214_004236_s1/147656995/ccs,1,1,2,12,271,fragmented_noisy,False,False,True,60
H1,m84137_260214_004236_s1/227606686/ccs,1,1,2,12,271,fragmented_noisy,False,False,True,60
H1,m84137_260214_004236_s1/202834373/ccs,1,1,2,12,271,fragmented_noisy,False,False,True,60
H1,m84137_260214_004236_s1/169673539/ccs,1,1,2,12,271,fragmented_noisy,False,False,True,60
H1,m84137_260214_004236_s1/194773494/ccs,1,1,2,12,271,fragmented_noisy,False,False,True,60
H1,m84137_260214_004236_s1/144376546/ccs,1,1,2,12,271,fragmented_noisy,False,False,True,60
H1,m84137_260214_004236_s1/100731305/ccs,1,1,3,12,272,fragmented_noisy,False,False,True,60
H1,m84137_260214_004236_s1/97846105/ccs,1,1,2,12,273,fragmented_noisy,False,False,True,60
H1,m84137_260214_004236_s1/115802615/ccs,1,1,2,12,273,fragmented_noisy,False,False,True,60
H1,m84137_260214_004236_s1/29754839/ccs,1,5,3,12,273,CAA_interrupted,False,True,False,60
H1,m84137_260214_004236_s1/26149168/ccs,1,1,3,12,273,fragmented_noisy,False,False,True,60
H1,m84137_260214_004236_s1/85528373/ccs,1,2,2,12,273,CAA_interrupted,False,True,False,60
H1,m84137_260214_004236_s1/186385495/ccs,1,1,2,13,274,fragmented_noisy,False,False,True,60
H1,m84137_260214_004236_s1/54528878/ccs,1,3,2,12,274,CAA_interrupted,False,True,False,60
H1,m84137_260214_004236_s1/31394914/ccs,1,2,2,12,274,CAA_interrupted,False,True,False,60
H1,m84137_260214_004236_s1/147394774/ccs,1,1,2,12,274,fragmented_noisy,False,False,True,60
H1,m84137_260214_004236_s1/184686469/ccs,1,1,2,12,274,fragmented_noisy,False,False,True,60
H1,m84137_260214_004236_s1/28705704/ccs,1,1,2,12,274,fragmented_noisy,False,False,True,60
H1,m84137_260214_004236_s1/72943667/ccs,1,1,2,12,274,fragmented_noisy,False,False,True,60
H1,m84137_260214_004236_s1/112395322/ccs,1,1,2,12,274,fragmented_noisy,False,False,True,60
H1,m84137_260214_004236_s1/176427840/ccs,1,1,2,12,274,fragmented_noisy,False,False,True,60
H1,m84137_260214_004236_s1/216141460/ccs,1,2,2,12,274,CAA_interrupted,False,True,False,60
H1,m84137_260214_004236_s1/157417860/ccs,1,1,2,12,274,fragmented_noisy,False,False,True,60
H1,m84137_260214_004236_s1/114955850/ccs,1,1,2,12,274,fragmented_noisy,False,False,True,60
H1,m84137_260214_004236_s1/134810252/ccs,1,4,2,12,274,CAA_interrupted,False,True,False,60
H1,m84137_260214_004236_s1/36898622/ccs,1,1,2,12,274,fragmented_noisy,False,False,True,60
H1,m84137_260214_004236_s1/49681745/ccs,1,2,2,12,274,CAA_interrupted,False,True,False,60
H1,m84137_260214_004236_s1/218696622/ccs,1,3,2,12,274,CAA_interrupted,False,True,False,60
H1,m84137_260214_004236_s1/46993790/ccs,1,1,2,12,274,fragmented_noisy,False,False,True,60
H1,m84137_260214_004236_s1/142872344/ccs,1,1,2,12,274,fragmented_noisy,False,False,True,60
H1,m84137_260214_004236_s1/169414771/ccs,1,1,2,12,274,fragmented_noisy,False,False,True,60
H1,m84137_260214_004236_s1/163055820/ccs,1,2,2,12,274,CAA_interrupted,False,True,False,60
H1,m84137_260214_004236_s1/213583800/ccs,1,1,3,12,274,fragmented_noisy,False,False,True,60
H1,m84137_260214_004236_s1/160563932/ccs,1,1,2,12,274,fragmented_noisy,False,False,True,60
H1,m84137_260214_004236_s1/215484037/ccs,1,1,2,12,274,fragmented_noisy,False,False,True,60
H1,m84137_260214_004236_s1/221514308/ccs,1,2,2,12,274,CAA_interrupted,False,True,False,60
H1,m84137_260214_004236_s1/165283876/ccs,1,3,3,12,275,CAA_interrupted,False,True,False,60
H1,m84137_260214_004236_s1/3016697/ccs,1,2,2,12,277,CAA_interrupted,False,True,False,60
H1,m84137_260214_004236_s1/27398405/ccs,1,5,2,12,277,CAA_interrupted,False,True,False,60
H1,m84137_260214_004236_s1/177997498/ccs,1,1,2,12,277,fragmented_noisy,False,False,True,60
H1,m84137_260214_004236_s1/158140653/ccs,1,1,2,12,277,fragmented_noisy,False,False,True,60
H1,m84137_260214_004236_s1/245634505/ccs,1,1,2,12,277,fragmented_noisy,False,False,True,60
H1,m84137_260214_004236_s1/56036325/ccs,1,1,2,12,277,fragmented_noisy,False,False,True,60
H1,m84137_260214_004236_s1/33426129/ccs,1,1,2,12,277,fragmented_noisy,False,False,True,60
H1,m84137_260214_004236_s1/153619070/ccs,1,1,2,12,277,fragmented_noisy,False,False,True,60
H1,m84137_260214_004236_s1/102171783/ccs,1,1,2,12,277,fragmented_noisy,False,False,True,60
H1,m84137_260214_004236_s1/253235517/ccs,1,21,2,12,277,CAA_interrupted,False,True,False,60
H1,m84137_260214_004236_s1/74581365/ccs,1,1,2,12,277,fragmented_noisy,False,False,True,60
H1,m84137_260214_004236_s1/89985393/ccs,1,1,2,12,277,fragmented_noisy,False,False,True,60
H1,m84137_260214_004236_s1/29361070/ccs,1,1,5,12,277,fragmented_noisy,False,False,True,60
H1,m84137_260214_004236_s1/246285285/ccs,1,1,2,12,277,fragmented_noisy,False,False,True,60
H1,m84137_260214_004236_s1/224069560/ccs,1,1,2,12,277,fragmented_noisy,False,False,True,60
H1,m84137_260214_004236_s1/115279183/ccs,1,1,2,12,277,fragmented_noisy,False,False,True,60
H1,m84137_260214_004236_s1/159517547/ccs,1,1,2,12,277,fragmented_noisy,False,False,True,60
H1,m84137_260214_004236_s1/58001187/ccs,1,1,3,12,278,fragmented_noisy,False,False,True,60
H1,m84137_260214_004236_s1/246549615/ccs,1,1,2,12,278,fragmented_noisy,False,False,True,60
H1,m84137_260214_004236_s1/248055668/ccs,1,6,4,12,278,CAA_interrupted,False,True,False,60
H1,m84137_260214_004236_s1/127796077/ccs,1,1,3,12,279,fragmented_noisy,False,False,True,60
H1,m84137_260214_004236_s1/144179296/ccs,1,1,2,12,279,fragmented_noisy,False,False,True,60
H1,m84137_260214_004236_s1/259916217/ccs,1,1,3,12,279,fragmented_noisy,False,False,True,60
H1,m84137_260214_004236_s1/138807717/ccs,1,1,2,12,280,fragmented_noisy,False,False,True,60
H1,m84137_260214_004236_s1/208736082/ccs,1,1,2,12,280,fragmented_noisy,False,False,True,60
H1,m84137_260214_004236_s1/250940119/ccs,1,3,2,13,280,CAA_interrupted,False,True,False,60
H1,m84137_260214_004236_s1/48107367/ccs,1,1,2,11,281,fragmented_noisy,False,False,True,60
H1,m84137_260214_004236_s1/122228535/ccs,1,2,3,12,281,fragmented_noisy,False,False,True,60
H1,m84137_260214_004236_s1/85396443/ccs,1,1,3,12,281,fragmented_noisy,False,False,True,60
H1,m84137_260214_004236_s1/169019635/ccs,1,2,2,12,283,CAA_interrupted,False,True,False,60
H1,m84137_260214_004236_s1/262932707/ccs,1,1,2,12,283,fragmented_noisy,False,False,True,60
H1,m84137_260214_004236_s1/170919416/ccs,1,2,2,12,284,CAA_interrupted,False,True,False,60
H1,m84137_260214_004236_s1/114032910/ccs,1,1,2,12,284,fragmented_noisy,False,False,True,60
H1,m84137_260214_004236_s1/54658940/ccs,1,3,2,12,288,CAA_interrupted,False,True,False,60
H1,m84137_260214_004236_s1/101123072/ccs,1,1,2,12,289,fragmented_noisy,False,False,True,60
H1,m84137_260214_004236_s1/257556669/ccs,1,1,2,12,292,fragmented_noisy,False,False,True,60
H1,m84137_260214_004236_s1/96671436/ccs,1,1,2,12,292,fragmented_noisy,False,False,True,60
H1,m84137_260214_004236_s1/221776574/ccs,1,9,5,12,294,CAA_interrupted,False,True,False,60
H1,m84137_260214_004236_s1/46338104/ccs,1,1,2,12,295,fragmented_noisy,False,False,True,60
H1,m84137_260214_004236_s1/255265395/ccs,1,1,2,12,295,fragmented_noisy,False,False,True,60
H1,m84137_260214_004236_s1/202441886/ccs,1,1,2,12,301,fragmented_noisy,False,False,True,60
H1,m84137_260214_004236_s1/113577497/ccs,1,3,2,12,304,CAA_interrupted,False,True,False,60
H1,m84137_260214_004236_s1/54529664/ccs,1,1,2,12,313,fragmented_noisy,False,False,True,60
H1,m84137_260214_004236_s1/85524946/ccs,1,1,2,12,346,fragmented_noisy,False,False,True,60
H1,m84137_260214_004236_s1/153884483/ccs,1,1,2,12,346,fragmented_noisy,False,False,True,60
H1,m84137_260214_004236_s1/78709776/ccs,1,1,2,12,390,fragmented_noisy,False,False,True,60
H1,m84137_260214_004236_s1/27657538/ccs,1,1,2,12,394,fragmented_noisy,False,False,True,60
H1,m84137_260214_004236_s1/139198596/ccs,1,1,2,12,445,fragmented_noisy,False,False,True,60
H1,m84137_260214_004236_s1/144575666/ccs,1,1,2,14,457,fragmented_noisy,False,False,True,60
H1,m84137_260214_004236_s1/3801430/ccs,1,1,10,13,540,fragmented_noisy,False,False,True,60
H1,m84137_260214_004236_s1/179175680/ccs,1,1,2,13,658,fragmented_noisy,False,False,True,60
H1,m84137_260214_004236_s1/244846053/ccs,1,83,4,11,282,CAA_interrupted,False,True,False,60
H1,m84137_260214_004236_s1/193924699/ccs,0,82,3,12,198,CAA_interrupted,False,True,False,60
H1,m84137_260214_004236_s1/24707220/ccs,1,97,1,10,274,CAA_interrupted,False,True,False,60
H1,m84137_260214_004236_s1/24973954/ccs,1,67,3,13,263,CAA_interrupted,False,True,False,60
H1,m84137_260214_004236_s1/66456893/ccs,1,99,6,10,297,CAA_interrupted,False,True,False,60
H1,m84137_260214_004236_s1/180818806/ccs,0,93,3,13,200,CAA_interrupted,False,True,False,60
H1,m84137_260214_004236_s1/28448361/ccs,1,109,2,10,267,CAA_interrupted,False,True,False,60
H1,m84137_260214_004236_s1/210373844/ccs,1,86,3,11,272,CAA_interrupted,False,True,False,60
H1,m84137_260214_004236_s1/62455949/ccs,1,151,3,11,273,CAA_interrupted,False,True,False,60
H1,m84137_260214_004236_s1/211618343/ccs,1,85,4,12,281,CAA_interrupted,False,True,False,60
H1,m84137_260214_004236_s1/148245751/ccs,0,1,2,12,196,fragmented_noisy,False,False,True,60
H1,m84137_260214_004236_s1/187569136/ccs,0,2,2,12,196,CAA_interrupted,False,True,False,60
H1,m84137_260214_004236_s1/243468587/ccs,0,1,2,13,196,fragmented_noisy,False,False,True,60
H1,m84137_260214_004236_s1/81199930/ccs,0,1,3,12,197,fragmented_noisy,False,False,True,60
H1,m84137_260214_004236_s1/130089564/ccs,1,1,3,12,263,fragmented_noisy,False,False,True,60
H1,m84137_260214_004236_s1/250678192/ccs,1,1,2,12,265,fragmented_noisy,False,False,True,60
H1,m84137_260214_004236_s1/98305599/ccs,1,2,2,12,268,CAA_interrupted,False,True,False,60
H1,m84137_260214_004236_s1/241304137/ccs,1,1,2,12,269,fragmented_noisy,False,False,True,60
H1,m84137_260214_004236_s1/257426610/ccs,1,1,2,12,274,fragmented_noisy,False,False,True,60
H1,m84137_260214_004236_s1/236258827/ccs,1,2,2,12,277,CAA_interrupted,False,True,False,60
H1,m84137_260214_004236_s1/3671239/ccs,0,110,2,13,197,CAA_interrupted,False,True,False,60
H1,m84137_260214_004236_s1/238027421/ccs,1,93,3,11,273,CAA_interrupted,False,True,False,60
H1,m84137_260214_004236_s1/133895356/ccs,0,74,3,8,193,CAA_interrupted,False,True,False,60
H1,m84137_260214_004236_s1/220924998/ccs,1,72,3,14,271,CAA_interrupted,False,True,False,60
H1,m84137_260214_004236_s1/133629481/ccs,1,117,3,9,270,CAA_interrupted,False,True,False,60
H1,m84137_260214_004236_s1/81726905/ccs,1,74,2,15,273,CAA_interrupted,False,True,False,60
H1,m84137_260214_004236_s1/176691003/ccs,1,74,2,10,266,CAA_interrupted,False,True,False,60
H1,m84137_260214_004236_s1/189076938/ccs,1,85,3,10,273,CAA_interrupted,False,True,False,60
H1,m84137_260214_004236_s1/138809261/ccs,0,87,2,13,197,CAA_interrupted,False,True,False,60
H1,m84137_260214_004236_s1/130158962/ccs,0,125,2,11,194,CAA_interrupted,False,True,False,60
H1,m84137_260214_004236_s1/140054346/ccs,1,100,2,13,262,CAA_interrupted,False,True,False,60
H1,m84137_260214_004236_s1/211615945/ccs,0,5,2,12,190,CAA_interrupted,False,True,False,60
H1,m84137_260214_004236_s1/104007862/ccs,0,11,1,12,194,CAA_interrupted,False,True,False,60
H1,m84137_260214_004236_s1/131203974/ccs,0,1,2,12,196,fragmented_noisy,False,False,True,60
H1,m84137_260214_004236_s1/138152378/ccs,0,1,2,12,196,fragmented_noisy,False,False,True,60
H1,m84137_260214_004236_s1/142347398/ccs,0,1,2,12,196,fragmented_noisy,False,False,True,60
H1,m84137_260214_004236_s1/28049760/ccs,0,2,2,11,196,CAA_interrupted,False,True,False,60
H1,m84137_260214_004236_s1/60621943/ccs,0,2,2,12,197,CAA_interrupted,False,True,False,60
H1,m84137_260214_004236_s1/103743936/ccs,1,4,2,12,272,CAA_interrupted,False,True,False,60
H1,m84137_260214_004236_s1/52168236/ccs,1,2,4,12,279,fragmented_noisy,False,False,True,60
H1,m84137_260214_004236_s1/214046295/ccs,1,131,3,13,270,CAA_interrupted,False,True,False,60
H1,m84137_260214_004236_s1/21235525/ccs,1,8,4,13,277,CAA_interrupted,False,True,False,60
H1,m84137_260214_004236_s1/140968052/ccs,0,84,4,12,194,CAA_interrupted,False,True,False,60
H1,m84137_260214_004236_s1/118948087/ccs,1,90,2,9,268,CAA_interrupted,False,True,False,60
H1,m84137_260214_004236_s1/6099556/ccs,0,60,2,9,192,CAA_interrupted,False,True,False,60
H1,m84137_260214_004236_s1/233116200/ccs,0,101,2,10,194,CAA_interrupted,False,True,False,60
H1,m84137_260214_004236_s1/217581519/ccs,0,94,3,9,197,CAA_interrupted,False,True,False,60
H1,m84137_260214_004236_s1/180880903/ccs,0,108,4,12,193,CAA_interrupted,False,True,False,60
H1,m84137_260214_004236_s1/134481370/ccs,0,92,2,10,194,CAA_interrupted,False,True,False,60
H1,m84137_260214_004236_s1/262673765/ccs,0,75,3,12,195,CAA_interrupted,False,True,False,60
H1,m84137_260214_004236_s1/67047853/ccs,1,79,2,12,268,CAA_interrupted,False,True,False,60
H1,m84137_260214_004236_s1/251663037/ccs,1,94,3,12,269,CAA_interrupted,False,True,False,60
H1,m84137_260214_004236_s1/16454007/ccs,0,45,2,13,196,CAA_interrupted,False,True,False,60
H1,m84137_260214_004236_s1/169743002/ccs,0,11,5,11,202,CAA_interrupted,False,True,False,60
H1,m84137_260214_004236_s1/79628726/ccs,0,23,2,11,203,CAA_interrupted,False,True,False,60
H1,m84137_260214_004236_s1/220922641/ccs,0,11,4,13,206,CAA_interrupted,False,True,False,60
H1,m84137_260214_004236_s1/149096674/ccs,0,83,3,10,195,CAA_interrupted,False,True,False,60
H1,m84137_260214_004236_s1/143983967/ccs,1,85,5,13,288,CAA_interrupted,False,True,False,60
H1,m84137_260214_004236_s1/60557951/ccs,0,19,5,12,202,CAA_interrupted,False,True,False,60
H1,m84137_260214_004236_s1/88347683/ccs,1,71,7,11,310,CAA_interrupted,False,True,False,60
H1,m84137_260214_004236_s1/217517150/ccs,0,70,4,12,203,CAA_interrupted,False,True,False,60
H1,m84137_260214_004236_s1/23461955/ccs,1,85,3,12,282,CAA_interrupted,False,True,False,60
H1,m84137_260214_004236_s1/232657864/ccs,1,109,5,8,272,CAA_interrupted,False,True,False,60
H1,m84137_260214_004236_s1/51642455/ccs,1,104,2,10,278,CAA_interrupted,False,True,False,60
H1,m84137_260214_004236_s1/8065739/ccs,1,463,3,12,271,CAA_interrupted,False,True,False,60
H1,m84137_260214_004236_s1/168761067/ccs,1,134,3,13,274,CAA_interrupted,False,True,False,60
H1,m84137_260214_004236_s1/12977343/ccs,1,11,7,12,299,CAA_interrupted,False,True,False,60
H1,m84137_260214_004236_s1/33165736/ccs,1,106,2,11,274,CAA_interrupted,False,True,False,60
H1,m84137_260214_004236_s1/197858916/ccs,1,77,1,12,293,CAA_interrupted,False,True,False,60
