Read ID,Sample,CAG Units,Total OOF,CAGCACAG,CAGCAAGCAG,CAGAGCAG,Core Length (bp),Upstream Length (bp),Downstream Length (bp)
m84137_260214_004236_s1/2097690/ccs,H3,823,31,3,17,11,2958,58,52
m84137_260214_004236_s1/3801430/ccs,H1,123,9,0,8,1,403,50,87
m84137_260214_004236_s1/142083520/ccs,H1,321,8,4,0,4,987,50,43
m84137_260214_004236_s1/93131077/ccs,H1,134,7,1,4,2,514,49,81
m84137_260214_004236_s1/71243245/ccs,H3,43,6,3,3,0,160,60,90
m84137_260214_004236_s1/225772416/ccs,H3,48,6,3,1,2,163,50,99
m84137_260214_004236_s1/221054463/ccs,H3,50,6,4,2,0,174,52,87
m84137_260214_004236_s1/24973954/ccs,H1,35,5,5,0,0,126,50,87
m84137_260214_004236_s1/23461955/ccs,H1,39,5,3,1,1,139,50,93
m84137_260214_004236_s1/109905298/ccs,H1,40,5,3,1,1,138,50,90
m84137_260214_004236_s1/174266215/ccs,H1,40,5,3,2,0,138,50,90
m84137_260214_004236_s1/44239220/ccs,H3,44,5,4,1,0,166,50,89
m84137_260214_004236_s1/75433019/ccs,H3,44,5,4,1,0,168,50,86
m84137_260214_004236_s1/163188232/ccs,H1,45,5,5,0,0,150,57,77
m84137_260214_004236_s1/256443416/ccs,H3,46,5,3,2,0,159,50,96
m84137_260214_004236_s1/197858916/ccs,H1,47,5,1,0,4,156,52,85
m84137_260214_004236_s1/247596557/ccs,H3,47,5,4,1,0,166,50,87
m84137_260214_004236_s1/197526954/ccs,H3,50,5,4,1,0,177,50,86
m84137_260214_004236_s1/90835560/ccs,H3,52,5,2,3,0,188,52,88
m84137_260214_004236_s1/195825563/ccs,H3,53,5,4,1,0,185,50,83
m84137_260214_004236_s1/44634773/ccs,H3,53,5,2,2,1,177,57,86
m84137_260214_004236_s1/227150282/ccs,H3,54,5,3,2,0,189,50,87
m84137_260214_004236_s1/40372646/ccs,H3,236,5,4,1,0,722,50,86
m84137_260214_004236_s1/114360859/ccs,H3,1075,5,5,0,0,3235,50,52
m84137_260214_004236_s1/234357145/ccs,H1,35,4,4,0,0,117,56,88
m84137_260214_004236_s1/10358159/ccs,H1,38,4,3,1,0,130,50,85
m84137_260214_004236_s1/256117830/ccs,H1,39,4,1,3,0,138,50,90
m84137_260214_004236_s1/210373844/ccs,H1,40,4,3,1,0,134,50,88
m84137_260214_004236_s1/236191908/ccs,H3,45,4,0,4,0,164,50,96
m84137_260214_004236_s1/146281875/ccs,H3,46,4,0,3,1,169,50,86
m84137_260214_004236_s1/12977343/ccs,H1,47,4,0,4,0,163,50,86
m84137_260214_004236_s1/133431570/ccs,H3,47,4,3,1,0,168,49,86
m84137_260214_004236_s1/218040069/ccs,H3,49,4,3,1,0,169,50,87
m84137_260214_004236_s1/37164372/ccs,H3,55,4,1,1,2,200,50,102
m84137_260214_004236_s1/145690109/ccs,H3,63,4,0,4,0,205,50,87
m84137_260214_004236_s1/83694156/ccs,Control_11,17,3,3,0,0,57,50,97
m84137_260214_004236_s1/228988176/ccs,H1,34,3,0,3,0,133,50,86
